channel,pos,AOI,mean_SNR,sd_SNR,max_SNR,min_SNR,best_z,quality
blue,pos1,1,87.38337216298524,118.18136118578973,371.27063170135256,6.2415880147242255,8,Excellent
blue,pos1,2,71.91932399947753,99.1213286856032,347.7770715386638,5.317034859122343,8,Excellent
blue,pos2,1,100.21400855316443,126.40869932078039,431.6405710202131,8.682327089412155,8,Excellent
blue,pos2,2,44.8712508493465,70.69194393738209,225.55759964945506,1.7084487162873854,8,Excellent
blue,pos2,3,46.57109580965993,66.5971008286206,211.7411618343305,1.9490464606647437,8,Excellent
blue,pos2,4,35.81320226885361,59.11972928703482,181.408325374425,1.2707771151238452,7,Excellent
blue,pos3,1,81.2972625015052,120.60966228120667,445.143809869968,2.5078571635512876,12,Excellent
blue,pos3,2,19.149194981272966,29.35285651635978,101.95988896526826,1.3541251750158465,12,Excellent
blue,pos3,3,86.54159950438364,130.19945750978206,479.7401687324807,2.997847262281871,12,Excellent
