channel,overall_mean_SNR,overall_sd_SNR,overall_max_SNR,overall_min_SNR,total_points
blue,63.75114562562767,98.22105856222889,479.7401687324807,1.2707771151238452,153
