channel,pos,AOI,mean_SNR,sd_SNR,max_SNR,min_SNR,best_z,quality
blue,pos1,1,70.67283322433724,81.41837490395979,235.9197009591352,2.6142776549498388,7,Excellent
blue,pos1,2,42.24770651165346,52.08297740877026,153.88988798379938,1.9636841881666214,8,Excellent
blue,pos2,1,34.64312639766265,48.18037302365973,151.26215748216157,1.5244132120568348,9,Excellent
blue,pos2,2,79.93898168665211,79.37096487131116,245.2158061566598,10.800937851887692,9,Excellent
red,pos1,1,34.31967343028918,42.81434825483442,118.6002709594161,1.4111211692177679,11,Excellent
red,pos1,2,31.356541698800665,49.27105952472137,185.33040166563023,1.476656922726017,11,Excellent
red,pos2,1,23.405489071680062,41.44326052279365,166.0465292199854,0.9035086101227688,12,Excellent
red,pos2,2,61.76822031900688,83.62701017581522,297.8569311828083,2.2585850256363935,12,Excellent
