channel,overall_mean_SNR,overall_sd_SNR,overall_max_SNR,overall_min_SNR,total_points
blue,53.590395389051864,71.64153724041533,312.1561189044425,1.29115120024308,187
