channel,pos,AOI,mean_SNR,sd_SNR,max_SNR,min_SNR,best_z,quality
red,pos1,1,11.688381357453219,18.93613697965463,63.39070810520164,0.7865265894951537,8,Excellent
red,pos2,1,37.19203599137706,48.87417339508477,147.2450465415733,1.4598410551131757,8,Excellent
red,pos3,1,23.838743946586813,40.10697000890825,152.016797858976,0.7292180633934947,6,Excellent
red,pos3,2,28.41454086146842,39.03649471230895,126.89184304526076,0.8169759450301177,6,Excellent
red,pos3,3,19.000026203118466,26.785792360320823,87.96062097476454,0.8121252665886657,6,Excellent
