channel,overall_mean_SNR,overall_sd_SNR,overall_max_SNR,overall_min_SNR,total_points
red,15.971539596644725,30.640217854703977,152.016797858976,0.21157243359832498,136
