channel,overall_mean_SNR,overall_sd_SNR,overall_max_SNR,overall_min_SNR,total_points
red,33.77766606330309,53.52459189829836,312.8041453469337,1.3290292652641842e-05,204
